phase,job,fs,case,run,point,image_capacity,f_frsize,statfs_f_bsize,statfs_f_iosize,statvfs_f_bsize,validated_image_unit,L,N,D,source_allocated,R_vfs,R_cluster,recorded_R,destination_regular_allocated,destination_all_file_allocated,directory_allocated,ordinary_before,selected_F,important_before,ordinary_after,free_delta,composite_residual,target,target_error,rsync_exit,hash_integrity,source_unchanged,observer_final_bytes,observed_temp_names,rename_inode_matches,sampled_peak_regular_allocated,sampled_min_free,admit_P0_capacity,admit_P1_validated_image_C,admit_P2_directory_lower_floor,actual_C_runtime_public_api_proven
matrix,1,apfs,ordinary_large_aligned,1,ample,536870912,4096,4096,2097152,2097152,4096,16777216,1,0,16777216,16777216,16777216,16777216,16777216,,,535085056,535085056,0,518307840,16777216,0,,,0,True,True,16777216,1,1,16777216,518307840,True,True,True,True
matrix,2,apfs,ordinary_large_unaligned,1,ample,536870912,4096,4096,2097152,2097152,4096,16777339,1,0,16781312,16781312,16781312,16781312,16781312,,,535085056,535085056,0,518303744,16781312,0,,,0,True,True,16777339,1,1,16781312,518303744,True,True,True,True
matrix,3,apfs,many_small_1byte,1,ample,536870912,4096,4096,2097152,2097152,4096,1024,1024,0,4194304,4194304,4194304,4194304,4194304,,,535085056,535085056,0,530849792,4235264,40960,,,0,True,True,1024,0,0,4194304,530849792,True,True,True,True
matrix,4,apfs,many_small_1byte,2,ample,536870912,4096,4096,2097152,2097152,4096,1024,1024,0,4194304,4194304,4194304,4194304,4194304,,,535085056,535085056,0,530849792,4235264,40960,,,0,True,True,1024,3,3,4194304,530849792,True,True,True,True
matrix,5,apfs,many_small_1byte,3,ample,536870912,4096,4096,2097152,2097152,4096,1024,1024,0,4194304,4194304,4194304,4194304,4194304,,,535085056,535085056,0,530849792,4235264,40960,,,0,True,True,1024,1,1,4194304,530849792,True,True,True,True
matrix,6,apfs,many_small_1byte,4,ample,536870912,4096,4096,2097152,2097152,4096,1024,1024,0,4194304,4194304,4194304,4194304,4194304,,,535085056,535085056,0,530849792,4235264,40960,,,0,True,True,1024,15,15,4194304,530849792,True,True,True,True
matrix,7,apfs,many_small_1byte,5,ample,536870912,4096,4096,2097152,2097152,4096,1024,1024,0,4194304,4194304,4194304,4194304,4194304,,,535085056,535085056,0,530849792,4235264,40960,,,0,True,True,1024,2,2,4194304,530849792,True,True,True,True
matrix,8,apfs,many_small_mixed,1,ample,536870912,4096,4096,2097152,2097152,4096,3735424,1024,0,5242880,5242880,5242880,5242880,5242880,,,535085056,535085056,0,529805312,5279744,36864,,,0,True,True,3735424,1,1,5242880,529805312,True,True,True,True
matrix,9,apfs,many_small_mixed,2,ample,536870912,4096,4096,2097152,2097152,4096,3735424,1024,0,5242880,5242880,5242880,5242880,5242880,,,535085056,535085056,0,529805312,5279744,36864,,,0,True,True,3735424,17,17,5242880,529805312,True,True,True,True
matrix,10,apfs,many_small_mixed,3,ample,536870912,4096,4096,2097152,2097152,4096,3735424,1024,0,5242880,5242880,5242880,5242880,5242880,,,535085056,535085056,0,529805312,5279744,36864,,,0,True,True,3735424,1,1,5242880,529805312,True,True,True,True
matrix,11,apfs,many_small_mixed,4,ample,536870912,4096,4096,2097152,2097152,4096,3735424,1024,0,5242880,5242880,5242880,5242880,5242880,,,535085056,535085056,0,529805312,5279744,36864,,,0,True,True,3735424,0,0,5242880,529805312,True,True,True,True
matrix,12,apfs,many_small_mixed,5,ample,536870912,4096,4096,2097152,2097152,4096,3735424,1024,0,5242880,5242880,5242880,5242880,5242880,,,535085056,535085056,0,529805312,5279744,36864,,,0,True,True,3735424,0,0,5242880,529805312,True,True,True,True
matrix,13,apfs,zero_length_files,1,ample,536870912,4096,4096,2097152,2097152,4096,0,512,0,0,0,0,0,0,,,535085056,535085056,0,535085056,0,0,,,0,True,True,0,0,0,0,535085056,True,True,True,True
matrix,14,apfs,nested_many_directories,1,ample,536870912,4096,4096,2097152,2097152,4096,256,256,1408,1048576,1048576,1048576,1048576,1048576,,,535085056,535085056,0,534024192,1060864,12288,,,0,True,True,256,0,0,1048576,534024192,True,True,True,True
matrix,15,apfs,sparse_single,1,ample,536870912,4096,4096,2097152,2097152,4096,134217728,1,0,32768,134217728,134217728,134217728,134217728,,,535085056,535085056,0,400867328,134217728,0,,,0,True,True,134217728,1,1,134217728,400867328,True,True,True,True
matrix,16,apfs,sparse_single,2,ample,536870912,4096,4096,2097152,2097152,4096,134217728,1,0,32768,134217728,134217728,134217728,134217728,,,535085056,535085056,0,400867328,134217728,0,,,0,True,True,134217728,1,1,134217728,400867328,True,True,True,True
matrix,17,apfs,sparse_single,3,ample,536870912,4096,4096,2097152,2097152,4096,134217728,1,0,32768,134217728,134217728,134217728,134217728,,,535085056,535085056,0,400867328,134217728,0,,,0,True,True,134217728,1,1,134217728,400867328,True,True,True,True
matrix,18,apfs,sparse_single,4,ample,536870912,4096,4096,2097152,2097152,4096,134217728,1,0,32768,134217728,134217728,134217728,134217728,,,535085056,535085056,0,400867328,134217728,0,,,0,True,True,134217728,1,1,134217728,400867328,True,True,True,True
matrix,19,apfs,sparse_single,5,ample,536870912,4096,4096,2097152,2097152,4096,134217728,1,0,32768,134217728,134217728,134217728,134217728,,,535085056,535085056,0,400867328,134217728,0,,,0,True,True,134217728,1,1,134217728,400867328,True,True,True,True
matrix,20,apfs,sparse_many,1,ample,536870912,4096,4096,2097152,2097152,4096,100690068,24,0,880640,100757504,100757504,100757504,100757504,,,535085056,535085056,0,434327552,100757504,0,,,0,True,True,100690068,19,19,100757504,434327552,True,True,True,True
matrix,21,apfs,sparse_many,2,ample,536870912,4096,4096,2097152,2097152,4096,100690068,24,0,880640,100757504,100757504,100757504,100757504,,,535085056,535085056,0,434327552,100757504,0,,,0,True,True,100690068,23,23,100757504,434327552,True,True,True,True
matrix,22,apfs,sparse_many,3,ample,536870912,4096,4096,2097152,2097152,4096,100690068,24,0,880640,100757504,100757504,100757504,100757504,,,535085056,535085056,0,434327552,100757504,0,,,0,True,True,100690068,24,24,100757504,434327552,True,True,True,True
matrix,23,apfs,sparse_many,4,ample,536870912,4096,4096,2097152,2097152,4096,100690068,24,0,880640,100757504,100757504,100757504,100757504,,,535085056,535085056,0,434327552,100757504,0,,,0,True,True,100690068,23,23,100757504,434327552,True,True,True,True
matrix,24,apfs,sparse_many,5,ample,536870912,4096,4096,2097152,2097152,4096,100690068,24,0,880640,100757504,100757504,100757504,100757504,,,535085056,535085056,0,434327552,100757504,0,,,0,True,True,100690068,24,24,100757504,434327552,True,True,True,True
matrix,25,apfs,cinema_like_large_files,1,ample,536870912,4096,4096,2097152,2097152,4096,100663665,3,0,100675584,100675584,100675584,100675584,100675584,,,535085056,535085056,0,434409472,100675584,0,,,0,True,True,100663665,3,3,100675584,434409472,True,True,True,True
matrix,26,apfs,cinema_like_many_frames,1,ample,536870912,4096,4096,2097152,2097152,4096,67118063,1024,0,71081984,71081984,71081984,71081984,71081984,,,535085056,535085056,0,463962112,71122944,40960,,,0,True,True,67118063,105,105,71081984,463962112,True,True,True,True
matrix,27,apfs,excluded_entries,1,ample,536870912,4096,4096,2097152,2097152,4096,4097,1,0,8192,8192,8192,8192,8192,,,535085056,535085056,0,535076864,8192,0,,,0,True,True,4097,0,0,8192,535076864,True,True,True,True
matrix,28,apfs,mixed_workload,1,ample,536870912,4096,4096,2097152,2097152,4096,34341484,260,0,34881536,34881536,34881536,34881536,34881536,,,535085056,535085056,0,500195328,34889728,8192,,,0,True,True,34341484,4,4,34881536,500195328,True,True,True,True
matrix,29,apfs,compressed_source_where_supported,1,ample,536870912,4096,4096,2097152,2097152,4096,8388608,1,0,98304,8388608,8388608,8388608,8388608,,,535085056,535085056,0,526696448,8388608,0,,,0,True,True,8388608,1,1,8388608,526696448,True,True,True,True
matrix,30,apfs,near_small,1,L-epsilon,536870912,4096,4096,2097152,2097152,4096,4096,4096,0,16777216,16777216,16777216,16777216,8036352,,,20234240,20234240,0,11276288,8957952,921600,0,20226048,23,False,True,1962,6,6,8036352,11276288,True,True,True,True
matrix,31,apfs,near_small,1,L,536870912,4096,4096,2097152,2097152,4096,4096,4096,0,16777216,16777216,16777216,16777216,8028160,,,20234240,20234240,0,11292672,8941568,913408,4096,20230144,11,False,True,1960,8,8,8028160,11292672,True,True,True,True
matrix,32,apfs,near_small,1,R-epsilon,536870912,4096,4096,2097152,2097152,4096,4096,4096,0,16777216,16777216,16777216,16777216,4960256,,,16773120,16773120,0,11280384,5492736,532480,16773120,0,11,False,True,1211,10,10,4960256,11280384,True,False,False,True
matrix,33,apfs,near_small,1,R,536870912,4096,4096,2097152,2097152,4096,4096,4096,0,16777216,16777216,16777216,16777216,4968448,,,16777216,16777216,0,11276288,5500928,532480,16777216,0,11,False,True,1213,4,4,4968448,11276288,True,True,True,True
matrix,34,apfs,near_small,1,R+small_residual,536870912,4096,4096,2097152,2097152,4096,4096,4096,0,16777216,16777216,16777216,16777216,4964352,,,16781312,16781312,0,11272192,5509120,544768,16781312,0,23,False,True,1212,12,11,4964352,11272192,True,True,True,True
matrix,35,apfs,near_small,1,R+directory_clusters,536870912,4096,4096,2097152,2097152,4096,4096,4096,0,16777216,16777216,16777216,16777216,4972544,,,16781312,16781312,0,11276288,5505024,532480,16781312,0,11,False,True,1214,9,9,4972544,11276288,True,True,True,True
matrix,36,apfs,near_small,1,R+directory_clusters+entry_cluster,536870912,4096,4096,2097152,2097152,4096,4096,4096,0,16777216,16777216,16777216,16777216,4980736,,,16785408,16785408,0,11280384,5505024,524288,16785408,0,11,False,True,1216,5,5,4980736,11280384,True,True,True,True
matrix,37,apfs,near_small,1,R+1MiB_probe,536870912,4096,4096,2097152,2097152,4096,4096,4096,0,16777216,16777216,16777216,16777216,5918720,,,17825792,17825792,0,11272192,6553600,634880,17825792,0,11,False,True,1445,15,15,5918720,11272192,True,True,True,True
matrix,38,apfs,near_nested,1,L-epsilon,536870912,4096,4096,2097152,2097152,4096,128,128,512,524288,524288,524288,524288,524288,,,20234240,20234240,0,19701760,532480,8192,0,20234240,0,True,True,128,0,0,524288,19701760,True,True,True,True
matrix,39,apfs,near_nested,1,L,536870912,4096,4096,2097152,2097152,4096,128,128,512,524288,524288,524288,524288,524288,,,20234240,20234240,0,19701760,532480,8192,128,20234112,0,True,True,128,0,0,524288,19701760,True,True,True,True
matrix,40,apfs,near_nested,1,R-epsilon,536870912,4096,4096,2097152,2097152,4096,128,128,512,524288,524288,524288,524288,524288,,,20234240,20234240,0,19701760,532480,8192,520192,19714048,0,True,True,128,1,1,524288,19701760,True,True,True,True
matrix,41,apfs,near_nested,1,R,536870912,4096,4096,2097152,2097152,4096,128,128,512,524288,524288,524288,524288,524288,,,20234240,20234240,0,19701760,532480,8192,524288,19709952,0,True,True,128,0,0,524288,19701760,True,True,True,True
matrix,42,apfs,near_nested,1,R+small_residual,536870912,4096,4096,2097152,2097152,4096,128,128,512,524288,524288,524288,524288,524288,,,20234240,20234240,0,19701760,532480,8192,528384,19705856,0,True,True,128,0,0,524288,19701760,True,True,True,True
matrix,43,apfs,near_nested,1,R+directory_clusters,536870912,4096,4096,2097152,2097152,4096,128,128,512,524288,524288,524288,524288,524288,,,20234240,20234240,0,19701760,532480,8192,2625536,17608704,0,True,True,128,10,10,524288,19701760,True,True,True,True
matrix,44,apfs,near_nested,1,R+directory_clusters+entry_cluster,536870912,4096,4096,2097152,2097152,4096,128,128,512,524288,524288,524288,524288,524288,,,20234240,20234240,0,19701760,532480,8192,2629632,17604608,0,True,True,128,1,1,524288,19701760,True,True,True,True
matrix,45,apfs,near_nested,1,R+1MiB_probe,536870912,4096,4096,2097152,2097152,4096,128,128,512,524288,524288,524288,524288,524288,,,20234240,20234240,0,19701760,532480,8192,1572864,18661376,0,True,True,128,1,1,524288,19701760,True,True,True,True
matrix,46,apfs,near_large,1,L-epsilon,536870912,4096,4096,2097152,2097152,4096,8388608,1,0,8388608,8388608,8388608,8388608,8388608,,,20234240,20234240,0,11845632,8388608,0,8384512,11849728,0,True,True,8388608,1,1,8388608,11845632,True,True,True,True
matrix,47,apfs,near_large,1,L,536870912,4096,4096,2097152,2097152,4096,8388608,1,0,8388608,8388608,8388608,8388608,8388608,,,20234240,20234240,0,11845632,8388608,0,8388608,11845632,0,True,True,8388608,1,1,8388608,11845632,True,True,True,True
matrix,48,apfs,near_large,1,R-epsilon,536870912,4096,4096,2097152,2097152,4096,8388608,1,0,8388608,8388608,8388608,8388608,8388608,,,20234240,20234240,0,11845632,8388608,0,8384512,11849728,0,True,True,8388608,1,1,8388608,11845632,True,True,True,True
matrix,49,apfs,near_large,1,R,536870912,4096,4096,2097152,2097152,4096,8388608,1,0,8388608,8388608,8388608,8388608,8388608,,,20234240,20234240,0,11845632,8388608,0,8388608,11845632,0,True,True,8388608,1,1,8388608,11845632,True,True,True,True
matrix,50,apfs,near_large,1,R+small_residual,536870912,4096,4096,2097152,2097152,4096,8388608,1,0,8388608,8388608,8388608,8388608,8388608,,,20234240,20234240,0,11845632,8388608,0,8392704,11837440,0,True,True,8388608,1,1,8388608,11845632,True,True,True,True
matrix,51,apfs,near_large,1,R+directory_clusters,536870912,4096,4096,2097152,2097152,4096,8388608,1,0,8388608,8388608,8388608,8388608,8388608,,,20234240,20234240,0,11845632,8388608,0,8392704,11841536,0,True,True,8388608,1,1,8388608,11845632,True,True,True,True
matrix,52,apfs,near_large,1,R+directory_clusters+entry_cluster,536870912,4096,4096,2097152,2097152,4096,8388608,1,0,8388608,8388608,8388608,8388608,8388608,,,20234240,20234240,0,11845632,8388608,0,8396800,11837440,0,True,True,8388608,1,1,8388608,11845632,True,True,True,True
matrix,53,apfs,near_large,1,R+1MiB_probe,536870912,4096,4096,2097152,2097152,4096,8388608,1,0,8388608,8388608,8388608,8388608,8388608,,,20234240,20234240,0,11845632,8388608,0,9437184,10797056,0,True,True,8388608,1,1,8388608,11845632,True,True,True,True
matrix,54,exfat,ordinary_large_aligned,1,ample,536870912,512,512,1048576,1048576,32768,16777216,1,0,16777216,16777216,16777216,16777216,16777216,,,536641536,536641536,0,519766016,16875520,98304,,,0,True,True,16777216,1,1,16777216,519733248,True,True,True,False
matrix,55,exfat,ordinary_large_unaligned,1,ample,536870912,512,512,1048576,1048576,32768,16777339,1,0,16781312,16777728,16809984,16777728,16809984,,,536641536,536641536,0,519733248,16908288,98304,,,0,True,True,16777339,1,1,16809984,519733248,True,True,True,False
matrix,56,exfat,many_small_1byte,1,ample,536870912,512,512,1048576,1048576,32768,1024,1024,0,4194304,524288,33554432,524288,33554432,,,536641536,536641536,0,469237760,67403776,33849344,,,0,True,True,1024,42,42,33554432,469237760,True,True,True,False
matrix,57,exfat,many_small_mixed,1,ample,536870912,512,512,1048576,1048576,32768,3735424,1024,0,5242880,3866624,29360128,3866624,29360128,,,536641536,536641536,0,473432064,63209472,33849344,,,0,True,True,3735424,57,57,29360128,473432064,True,True,True,False
matrix,58,exfat,zero_length_files,1,ample,536870912,512,512,1048576,1048576,32768,0,512,0,0,0,0,0,0,,,536641536,536641536,0,519700480,16941056,16941056,,,0,True,True,0,18,18,0,519700480,True,True,True,False
matrix,59,exfat,nested_many_directories,1,ample,536870912,512,512,1048576,1048576,32768,256,256,1408,1048576,131072,8388608,131072,8388608,,,536641536,536641536,0,427458560,109182976,100794368,,,0,True,True,256,4,4,8388608,427458560,True,True,True,False
matrix,60,exfat,sparse_single,1,ample,536870912,512,512,1048576,1048576,32768,134217728,1,0,32768,134217728,134217728,134217728,134217728,,,536641536,536641536,0,402325504,134316032,98304,,,0,True,True,134217728,1,1,134217728,402325504,True,True,True,False
matrix,61,exfat,sparse_many,1,ample,536870912,512,512,1048576,1048576,32768,100690068,24,0,880640,100696064,101416960,100696064,101416960,,,536641536,536641536,0,434372608,102268928,851968,,,0,True,True,100690068,24,24,101416960,434372608,True,True,True,False
matrix,62,exfat,cinema_like_large_files,1,ample,536870912,512,512,1048576,1048576,32768,100663665,3,0,100675584,100664832,100761600,100664832,100761600,,,536641536,536641536,0,435716096,100925440,163840,,,0,True,True,100663665,3,3,100761600,435716096,True,True,True,False
matrix,63,exfat,cinema_like_many_frames,1,ample,536870912,512,512,1048576,1048576,32768,67118063,1024,0,71081984,67605504,98893824,67605504,98893824,,,536641536,536641536,0,403898368,132743168,33849344,,,0,True,True,67118063,47,47,98893824,403898368,True,True,True,False
matrix,64,exfat,excluded_entries,1,ample,536870912,512,512,1048576,1048576,32768,4097,1,0,8192,4608,32768,4608,32768,,,536641536,536641536,0,536510464,131072,98304,,,0,True,True,4097,1,1,32768,536477696,True,True,True,False
matrix,65,exfat,mixed_workload,1,ample,536870912,512,512,1048576,1048576,32768,34341484,260,0,34881536,34408448,39976960,34408448,39976960,,,536641536,536641536,0,488046592,48594944,8617984,,,0,True,True,34341484,38,38,39976960,488013824,True,True,True,False
matrix,66,exfat,compressed_source_where_supported,1,ample,536870912,512,512,1048576,1048576,32768,8388608,1,0,98304,8388608,8388608,8388608,8388608,,,536641536,536641536,0,528154624,8486912,98304,,,0,True,True,8388608,1,1,8388608,528154624,True,True,True,False
matrix,67,exfat,near_small,1,L-epsilon,536870912,512,512,1048576,1048576,32768,4096,4096,0,16777216,2097152,134217728,2097152,0,,,32768,32768,0,0,32768,32768,3584,29184,11,False,True,0,1,0,0,0,True,False,False,False
matrix,68,exfat,near_small,1,L,536870912,512,512,1048576,1048576,32768,4096,4096,0,16777216,2097152,134217728,2097152,0,,,32768,32768,0,0,32768,32768,4096,28672,11,False,True,0,1,0,0,0,True,False,False,False
matrix,69,exfat,near_small,1,R-epsilon,536870912,512,512,1048576,1048576,32768,4096,4096,0,16777216,2097152,134217728,2097152,1015808,,,2097152,2097152,0,0,2097152,1081344,2096640,512,10,False,True,31,11,11,1015808,0,True,False,False,False
matrix,70,exfat,near_small,1,R,536870912,512,512,1048576,1048576,32768,4096,4096,0,16777216,2097152,134217728,2097152,1015808,,,2097152,2097152,0,0,2097152,1081344,2097152,0,10,False,True,31,4,4,1015808,0,True,False,False,False
matrix,71,exfat,near_small,1,R+small_residual,536870912,512,512,1048576,1048576,32768,4096,4096,0,16777216,2097152,134217728,2097152,1015808,,,2097152,2097152,0,0,2097152,1081344,2097664,-512,10,False,True,31,23,23,1015808,0,True,False,False,False
matrix,72,exfat,near_small,1,R+directory_clusters,536870912,512,512,1048576,1048576,32768,4096,4096,0,16777216,2097152,134217728,2097152,1015808,,,2097152,2097152,0,0,2097152,1081344,2097664,-512,10,False,True,31,10,10,1015808,0,True,False,False,False
matrix,73,exfat,near_small,1,R+directory_clusters+entry_cluster,536870912,512,512,1048576,1048576,32768,4096,4096,0,16777216,2097152,134217728,2097152,1015808,,,2129920,2129920,0,32768,2097152,1081344,2098176,31744,10,False,True,31,6,6,1015808,32768,True,False,False,False
matrix,74,exfat,near_small,1,R+1MiB_probe,536870912,512,512,1048576,1048576,32768,4096,4096,0,16777216,2097152,134217728,2097152,1540096,,,3145728,3145728,0,0,3145728,1605632,3145728,0,10,False,True,47,8,7,1540096,0,True,False,False,False
matrix,75,exfat,near_nested,1,L-epsilon,536870912,512,512,1048576,1048576,32768,128,128,512,524288,65536,4194304,65536,0,,,0,0,0,0,0,0,0,0,23,False,True,0,0,0,0,0,False,False,False,False
matrix,76,exfat,near_nested,1,L,536870912,512,512,1048576,1048576,32768,128,128,512,524288,65536,4194304,65536,0,,,0,0,0,0,0,0,128,-128,23,False,True,0,0,0,0,0,False,False,False,False
matrix,77,exfat,near_nested,1,R-epsilon,536870912,512,512,1048576,1048576,32768,128,128,512,524288,65536,4194304,65536,0,,,65536,65536,0,0,65536,65536,65024,512,23,False,True,0,0,0,0,0,True,False,False,False
matrix,78,exfat,near_nested,1,R,536870912,512,512,1048576,1048576,32768,128,128,512,524288,65536,4194304,65536,0,,,65536,65536,0,0,65536,65536,65536,0,23,False,True,0,0,0,0,0,True,False,False,False
matrix,79,exfat,near_nested,1,R+small_residual,536870912,512,512,1048576,1048576,32768,128,128,512,524288,65536,4194304,65536,0,,,65536,65536,0,0,65536,65536,66048,-512,23,False,True,0,0,0,0,0,True,False,False,False
matrix,80,exfat,near_nested,1,R+directory_clusters,536870912,512,512,1048576,1048576,32768,128,128,512,524288,65536,4194304,65536,0,,,327680,327680,0,0,327680,327680,328192,-512,23,False,True,0,0,0,0,0,True,False,False,False
matrix,81,exfat,near_nested,1,R+directory_clusters+entry_cluster,536870912,512,512,1048576,1048576,32768,128,128,512,524288,65536,4194304,65536,0,,,360448,360448,0,0,360448,360448,328704,31744,23,False,True,0,0,0,0,0,True,False,False,False
matrix,82,exfat,near_nested,1,R+1MiB_probe,536870912,512,512,1048576,1048576,32768,128,128,512,524288,65536,4194304,65536,0,,,1114112,1114112,0,0,1114112,1114112,1114112,0,23,False,True,0,0,0,0,0,True,False,False,False
matrix,83,exfat,near_large,1,L-epsilon,536870912,512,512,1048576,1048576,32768,8388608,1,0,8388608,8388608,8388608,8388608,0,,,8388608,8388608,0,8323072,65536,65536,8388096,512,11,False,True,0,1,0,0,1736704,True,True,False,False
matrix,84,exfat,near_large,1,L,536870912,512,512,1048576,1048576,32768,8388608,1,0,8388608,8388608,8388608,8388608,0,,,8388608,8388608,0,8323072,65536,65536,8388608,0,11,False,True,0,1,0,0,1474560,True,True,False,False
matrix,85,exfat,near_large,1,R-epsilon,536870912,512,512,1048576,1048576,32768,8388608,1,0,8388608,8388608,8388608,8388608,0,,,8388608,8388608,0,8323072,65536,65536,8388096,512,11,False,True,0,1,0,0,163840,True,True,False,False
matrix,86,exfat,near_large,1,R,536870912,512,512,1048576,1048576,32768,8388608,1,0,8388608,8388608,8388608,8388608,0,,,8388608,8388608,0,8323072,65536,65536,8388608,0,11,False,True,0,1,0,0,425984,True,True,False,False
matrix,87,exfat,near_large,1,R+small_residual,536870912,512,512,1048576,1048576,32768,8388608,1,0,8388608,8388608,8388608,8388608,0,,,8388608,8388608,0,8323072,65536,65536,8389120,-512,11,False,True,0,1,0,0,163840,True,True,False,False
matrix,88,exfat,near_large,1,R+directory_clusters,536870912,512,512,1048576,1048576,32768,8388608,1,0,8388608,8388608,8388608,8388608,0,,,8388608,8388608,0,8323072,65536,65536,8389120,-512,11,False,True,0,1,0,0,1474560,True,True,False,False
matrix,89,exfat,near_large,1,R+directory_clusters+entry_cluster,536870912,512,512,1048576,1048576,32768,8388608,1,0,8388608,8388608,8388608,8388608,0,,,8421376,8421376,0,8355840,65536,65536,8389632,31744,11,False,True,0,1,0,0,720896,True,True,True,False
matrix,90,exfat,near_large,1,R+1MiB_probe,536870912,512,512,1048576,1048576,32768,8388608,1,0,8388608,8388608,8388608,8388608,8388608,,,9437184,9437184,0,950272,8486912,98304,9437184,0,0,True,True,8388608,1,1,8388608,950272,True,True,True,False
boundaries,1,apfs,boundary_small,1,L-epsilon,536870912,4096,4096,2097152,2097152,4096,33587200,4096,0,50331648,50331648,50331648,50331648,21504000,,0,33583104,33583104,0,11309056,22274048,770048,33583104,0,10,False,True,14350000,4,4,21504000,11309056,False,False,False,True
boundaries,2,apfs,boundary_small,1,L,536870912,4096,4096,2097152,2097152,4096,33587200,4096,0,50331648,50331648,50331648,50331648,21540864,,0,33587200,33587200,0,11280384,22306816,765952,33587200,0,10,False,True,14374600,2,2,21540864,11280384,True,False,False,True
boundaries,3,apfs,boundary_small,1,R-epsilon,536870912,4096,4096,2097152,2097152,4096,33587200,4096,0,50331648,50331648,50331648,50331648,37675008,,0,50327552,50327552,0,11337728,38989824,1314816,50327552,0,11,False,True,25141200,24,24,37675008,11337728,True,False,False,True
boundaries,4,apfs,boundary_small,1,R,536870912,4096,4096,2097152,2097152,4096,33587200,4096,0,50331648,50331648,50331648,50331648,37724160,,0,50331648,50331648,0,11288576,39043072,1318912,50331648,0,11,False,True,25174000,25,25,37724160,11288576,True,True,True,True
boundaries,5,apfs,boundary_small,1,R+small_residual,536870912,4096,4096,2097152,2097152,4096,33587200,4096,0,50331648,50331648,50331648,50331648,37662720,,0,50335744,50335744,0,11345920,38989824,1327104,50335744,0,11,False,True,25133000,9,9,37662720,11345920,True,True,True,True
boundaries,6,apfs,boundary_small,1,R+directory_clusters,536870912,4096,4096,2097152,2097152,4096,33587200,4096,0,50331648,50331648,50331648,50331648,37650432,,0,50335744,50335744,0,11345920,38989824,1339392,50335744,0,11,False,True,25124800,6,6,37650432,11345920,True,True,True,True
boundaries,7,apfs,boundary_small,1,R+directory_clusters+entry_cluster,536870912,4096,4096,2097152,2097152,4096,33587200,4096,0,50331648,50331648,50331648,50331648,37711872,,0,50339840,50339840,0,11300864,39038976,1327104,50339840,0,11,False,True,25165800,6,6,37711872,11300864,True,True,True,True
boundaries,8,apfs,boundary_small,1,R+1MiB_probe,536870912,4096,4096,2097152,2097152,4096,33587200,4096,0,50331648,50331648,50331648,50331648,38719488,,0,51380224,51380224,0,11292672,40087552,1368064,51380224,0,11,False,True,25838200,7,7,38719488,11292672,True,True,True,True
boundaries,9,apfs,boundary_nested,1,L-epsilon,536870912,4096,4096,2097152,2097152,4096,33554432,128,512,33554432,33554432,33554432,33554432,22020096,,0,33550336,33550336,0,11530240,22020096,0,33550336,0,11,False,True,22020096,4,4,22020096,11530240,False,False,False,True
boundaries,10,apfs,boundary_nested,1,L,536870912,4096,4096,2097152,2097152,4096,33554432,128,512,33554432,33554432,33554432,33554432,22020096,,0,33554432,33554432,0,11534336,22020096,0,33554432,0,11,False,True,22020096,1,1,22020096,11534336,True,True,True,True
boundaries,11,apfs,boundary_nested,1,R-epsilon,536870912,4096,4096,2097152,2097152,4096,33554432,128,512,33554432,33554432,33554432,33554432,22020096,,0,33550336,33550336,0,11530240,22020096,0,33550336,0,11,False,True,22020096,2,2,22020096,11530240,False,False,False,True
boundaries,12,apfs,boundary_nested,1,R,536870912,4096,4096,2097152,2097152,4096,33554432,128,512,33554432,33554432,33554432,33554432,22020096,,0,33554432,33554432,0,11534336,22020096,0,33554432,0,11,False,True,22020096,1,1,22020096,11534336,True,True,True,True
boundaries,13,apfs,boundary_nested,1,R+small_residual,536870912,4096,4096,2097152,2097152,4096,33554432,128,512,33554432,33554432,33554432,33554432,22020096,,0,33558528,33558528,0,11538432,22020096,0,33558528,0,11,False,True,22020096,0,0,22020096,11538432,True,True,True,True
boundaries,14,apfs,boundary_nested,1,R+directory_clusters,536870912,4096,4096,2097152,2097152,4096,33554432,128,512,33554432,33554432,33554432,33554432,24117248,,0,35655680,35655680,0,11538432,24117248,0,35655680,0,11,False,True,24117248,1,1,24117248,11538432,True,True,True,True
boundaries,15,apfs,boundary_nested,1,R+directory_clusters+entry_cluster,536870912,4096,4096,2097152,2097152,4096,33554432,128,512,33554432,33554432,33554432,33554432,24117248,,0,35659776,35659776,0,11542528,24117248,0,35659776,0,11,False,True,24117248,0,0,24117248,11542528,True,True,True,True
boundaries,16,apfs,boundary_nested,1,R+1MiB_probe,536870912,4096,4096,2097152,2097152,4096,33554432,128,512,33554432,33554432,33554432,33554432,23068672,,0,34603008,34603008,0,11534336,23068672,0,34603008,0,11,False,True,23068672,0,0,23068672,11534336,True,True,True,True
boundaries,17,apfs,boundary_large,1,L-epsilon,536870912,4096,4096,2097152,2097152,4096,33554432,1,0,33554432,33554432,33554432,33554432,0,,0,33550336,33550336,0,33550336,0,0,33550336,0,11,False,True,0,1,0,22282240,11268096,False,False,False,True
boundaries,18,apfs,boundary_large,1,L,536870912,4096,4096,2097152,2097152,4096,33554432,1,0,33554432,33554432,33554432,33554432,0,,0,33554432,33554432,0,33554432,0,0,33554432,0,11,False,True,0,1,0,22282240,11272192,True,True,True,True
boundaries,19,apfs,boundary_large,1,R-epsilon,536870912,4096,4096,2097152,2097152,4096,33554432,1,0,33554432,33554432,33554432,33554432,0,,0,33550336,33550336,0,33550336,0,0,33550336,0,11,False,True,0,1,0,22282240,11268096,False,False,False,True
boundaries,20,apfs,boundary_large,1,R,536870912,4096,4096,2097152,2097152,4096,33554432,1,0,33554432,33554432,33554432,33554432,0,,0,33554432,33554432,0,33554432,0,0,33554432,0,11,False,True,0,1,0,22282240,11272192,True,True,True,True
boundaries,21,apfs,boundary_large,1,R+small_residual,536870912,4096,4096,2097152,2097152,4096,33554432,1,0,33554432,33554432,33554432,33554432,0,,0,33558528,33558528,0,33558528,0,0,33558528,0,11,False,True,0,1,0,22282240,11276288,True,True,True,True
boundaries,22,apfs,boundary_large,1,R+directory_clusters,536870912,4096,4096,2097152,2097152,4096,33554432,1,0,33554432,33554432,33554432,33554432,0,,0,33558528,33558528,0,33558528,0,0,33558528,0,11,False,True,0,1,0,22282240,11276288,True,True,True,True
boundaries,23,apfs,boundary_large,1,R+directory_clusters+entry_cluster,536870912,4096,4096,2097152,2097152,4096,33554432,1,0,33554432,33554432,33554432,33554432,0,,0,33562624,33562624,0,33562624,0,0,33562624,0,11,False,True,0,1,0,22282240,11280384,True,True,True,True
boundaries,24,apfs,boundary_large,1,R+1MiB_probe,536870912,4096,4096,2097152,2097152,4096,33554432,1,0,33554432,33554432,33554432,33554432,0,,0,34603008,34603008,0,34603008,0,0,34603008,0,11,False,True,0,1,0,23330816,11272192,True,True,True,True
boundaries,25,exfat,boundary_small,1,L-epsilon,536870912,512,512,1048576,1048576,32768,33587200,4096,0,50331648,35651584,134217728,35651584,16711680,,131072,33587200,33587200,0,0,33587200,16875520,33586688,512,10,False,True,4182000,38,38,16711680,0,True,False,False,False
boundaries,26,exfat,boundary_small,1,L,536870912,512,512,1048576,1048576,32768,33587200,4096,0,50331648,35651584,134217728,35651584,16711680,,131072,33587200,33587200,0,0,33587200,16875520,33587200,0,10,False,True,4182000,36,36,16711680,0,True,False,False,False
boundaries,27,exfat,boundary_small,1,R-epsilon,536870912,512,512,1048576,1048576,32768,33587200,4096,0,50331648,35651584,134217728,35651584,17727488,,131072,35651584,35651584,0,32768,35618816,17891328,35651072,512,10,False,True,4436200,24,24,17727488,0,True,False,False,False
boundaries,28,exfat,boundary_small,1,R,536870912,512,512,1048576,1048576,32768,33587200,4096,0,50331648,35651584,134217728,35651584,17727488,,131072,35651584,35651584,0,32768,35618816,17891328,35651584,0,10,False,True,4436200,71,71,17727488,32768,True,False,False,False
boundaries,29,exfat,boundary_small,1,R+small_residual,536870912,512,512,1048576,1048576,32768,33587200,4096,0,50331648,35651584,134217728,35651584,17727488,,131072,35651584,35651584,0,32768,35618816,17891328,35652096,-512,10,False,True,4436200,34,33,17727488,0,True,False,False,False
boundaries,30,exfat,boundary_small,1,R+directory_clusters,536870912,512,512,1048576,1048576,32768,33587200,4096,0,50331648,35651584,134217728,35651584,17727488,,131072,35651584,35651584,0,32768,35618816,17891328,35652096,-512,10,False,True,4436200,47,47,17727488,32768,True,False,False,False
boundaries,31,exfat,boundary_small,1,R+directory_clusters+entry_cluster,536870912,512,512,1048576,1048576,32768,33587200,4096,0,50331648,35651584,134217728,35651584,17760256,,131072,35684352,35684352,0,0,35684352,17924096,35652608,31744,10,False,True,4444400,56,56,17760256,0,True,False,False,False
boundaries,32,exfat,boundary_small,1,R+1MiB_probe,536870912,512,512,1048576,1048576,32768,33587200,4096,0,50331648,35651584,134217728,35651584,18251776,,131072,36700160,36700160,0,32768,36667392,18415616,36700160,0,10,False,True,4567400,60,60,18251776,32768,True,False,False,False
boundaries,33,exfat,boundary_nested,1,L-epsilon,536870912,512,512,1048576,1048576,32768,33554432,128,512,33554432,33554432,33554432,33554432,4194304,,14417920,33554432,33554432,0,0,33554432,29360128,33553920,512,11,False,True,4194304,1,1,4194304,0,True,True,False,False
boundaries,34,exfat,boundary_nested,1,L,536870912,512,512,1048576,1048576,32768,33554432,128,512,33554432,33554432,33554432,33554432,3670016,,14712832,33554432,33554432,0,0,33554432,29884416,33554432,0,11,False,True,3670016,0,0,3670016,0,True,True,False,False
boundaries,35,exfat,boundary_nested,1,R-epsilon,536870912,512,512,1048576,1048576,32768,33554432,128,512,33554432,33554432,33554432,33554432,4718592,,14123008,33554432,33554432,0,0,33554432,28835840,33553920,512,11,False,True,4718592,0,0,4718592,0,True,True,False,False
boundaries,36,exfat,boundary_nested,1,R,536870912,512,512,1048576,1048576,32768,33554432,128,512,33554432,33554432,33554432,33554432,5242880,,13828096,33554432,33554432,0,0,33554432,28311552,33554432,0,11,False,True,5242880,1,1,5242880,0,True,True,False,False
boundaries,37,exfat,boundary_nested,1,R+small_residual,536870912,512,512,1048576,1048576,32768,33554432,128,512,33554432,33554432,33554432,33554432,4456448,,14286848,33554432,33554432,0,0,33554432,29097984,33554944,-512,11,False,True,4456448,0,0,4456448,0,True,True,False,False
boundaries,38,exfat,boundary_nested,1,R+directory_clusters,536870912,512,512,1048576,1048576,32768,33554432,128,512,33554432,33554432,33554432,33554432,4718592,,14254080,33816576,33816576,0,0,33816576,29097984,33817088,-512,11,False,True,4718592,0,0,4718592,0,True,True,False,False
boundaries,39,exfat,boundary_nested,1,R+directory_clusters+entry_cluster,536870912,512,512,1048576,1048576,32768,33554432,128,512,33554432,33554432,33554432,33554432,4718592,,14286848,33849344,33849344,0,0,33849344,29130752,33817600,31744,11,False,True,4718592,0,0,4718592,0,True,True,False,False
boundaries,40,exfat,boundary_nested,1,R+1MiB_probe,536870912,512,512,1048576,1048576,32768,33554432,128,512,33554432,33554432,33554432,33554432,5242880,,14385152,34603008,34603008,0,0,34603008,29360128,34603008,0,11,False,True,5242880,1,1,5242880,0,True,True,False,False
adaptive,1,apfs,boundary_small,1,R+twice_observed_ENOSPC_free_probe,536870912,4096,4096,2097152,2097152,4096,33587200,4096,0,50331648,50331648,50331648,50331648,50331648,,0,72908800,72908800,0,21487616,51421184,1089536,72908800,0,0,True,True,33587200,7,7,50331648,21487616,True,True,True,True
adaptive,2,apfs,boundary_small,1,adaptive_bisect_0,536870912,4096,4096,2097152,2097152,4096,33587200,4096,0,50331648,50331648,50331648,50331648,48562176,,0,61620224,61620224,0,11354112,50266112,1703936,61620224,0,11,False,True,32406400,16,16,48562176,11354112,True,True,True,True
adaptive,3,apfs,boundary_small,1,adaptive_bisect_1,536870912,4096,4096,2097152,2097152,4096,33587200,4096,0,50331648,50331648,50331648,50331648,50331648,,0,74760192,74760192,0,22941696,51818496,1486848,67264512,7495680,0,True,True,33587200,2,2,50331648,22941696,True,True,True,True
adaptive,4,apfs,boundary_small,1,adaptive_bisect_2,536870912,4096,4096,2097152,2097152,4096,33587200,4096,0,50331648,50331648,50331648,50331648,50331648,,0,73711616,73711616,0,22286336,51425280,1093632,64442368,9269248,0,True,True,33587200,4,4,50331648,22286336,True,True,True,True
adaptive,5,apfs,boundary_small,1,adaptive_bisect_3,536870912,4096,4096,2097152,2097152,4096,33587200,4096,0,50331648,50331648,50331648,50331648,49938432,,0,63029248,63029248,0,11325440,51703808,1765376,63029248,0,11,False,True,33324800,12,12,49938432,11325440,True,True,True,True
adaptive,6,apfs,boundary_small,1,adaptive_bisect_4,536870912,4096,4096,2097152,2097152,4096,33587200,4096,0,50331648,50331648,50331648,50331648,50331648,,0,63733760,63733760,0,12316672,51417088,1085440,63733760,0,0,True,True,33587200,3,3,50331648,12316672,True,True,True,True
adaptive,7,apfs,boundary_nested,1,R+twice_observed_ENOSPC_free_probe,536870912,4096,4096,2097152,2097152,4096,33554432,128,512,33554432,33554432,33554432,33554432,33554432,,0,56623104,56623104,0,23060480,33562624,8192,56623104,0,0,True,True,33554432,2,2,33554432,23060480,True,True,True,True
adaptive,8,apfs,boundary_nested,1,adaptive_bisect_0,536870912,4096,4096,2097152,2097152,4096,33554432,128,512,33554432,33554432,33554432,33554432,33292288,,0,45088768,45088768,0,11788288,33300480,8192,45088768,0,11,False,True,33292288,0,0,33292288,11788288,True,True,True,True
adaptive,9,apfs,boundary_nested,1,adaptive_bisect_1,536870912,4096,4096,2097152,2097152,4096,33554432,128,512,33554432,33554432,33554432,33554432,33554432,,0,50855936,50855936,0,17293312,33562624,8192,50855936,0,0,True,True,33554432,0,0,33554432,17293312,True,True,True,True
adaptive,10,apfs,boundary_nested,1,adaptive_bisect_2,536870912,4096,4096,2097152,2097152,4096,33554432,128,512,33554432,33554432,33554432,33554432,33554432,,0,47972352,47972352,0,14409728,33562624,8192,47972352,0,0,True,True,33554432,4,4,33554432,14409728,True,True,True,True
adaptive,11,apfs,boundary_nested,1,adaptive_bisect_3,536870912,4096,4096,2097152,2097152,4096,33554432,128,512,33554432,33554432,33554432,33554432,33554432,,0,46530560,46530560,0,12967936,33562624,8192,46530560,0,0,True,True,33554432,0,0,33554432,12967936,True,True,True,True
adaptive,12,apfs,boundary_nested,1,adaptive_bisect_4,536870912,4096,4096,2097152,2097152,4096,33554432,128,512,33554432,33554432,33554432,33554432,33554432,,0,45809664,45809664,0,12247040,33562624,8192,45809664,0,0,True,True,33554432,4,4,33554432,12247040,True,True,True,True
adaptive,13,apfs,boundary_large,1,R+twice_observed_ENOSPC_free_probe,536870912,4096,4096,2097152,2097152,4096,33554432,1,0,33554432,33554432,33554432,33554432,33554432,,0,56098816,56098816,0,22544384,33554432,0,56098816,0,0,True,True,33554432,1,1,33554432,22544384,True,True,True,True
adaptive,14,apfs,boundary_large,1,adaptive_bisect_0,536870912,4096,4096,2097152,2097152,4096,33554432,1,0,33554432,33554432,33554432,33554432,33554432,,0,44826624,44826624,0,11272192,33554432,0,44826624,0,0,True,True,33554432,1,1,33554432,11272192,True,True,True,True
adaptive,15,apfs,boundary_large,1,adaptive_bisect_1,536870912,4096,4096,2097152,2097152,4096,33554432,1,0,33554432,33554432,33554432,33554432,0,,0,39190528,39190528,0,39190528,0,0,39190528,0,11,False,True,0,1,0,27787264,11403264,True,True,True,True
adaptive,16,apfs,boundary_large,1,adaptive_bisect_2,536870912,4096,4096,2097152,2097152,4096,33554432,1,0,33554432,33554432,33554432,33554432,0,,0,42008576,42008576,0,42008576,0,0,42008576,0,11,False,True,0,1,0,30670848,11337728,True,True,True,True
adaptive,17,apfs,boundary_large,1,adaptive_bisect_3,536870912,4096,4096,2097152,2097152,4096,33554432,1,0,33554432,33554432,33554432,33554432,0,,0,43417600,43417600,0,43417600,0,0,43417600,0,11,False,True,0,1,0,31981568,11436032,True,True,True,True
adaptive,18,apfs,boundary_large,1,adaptive_bisect_4,536870912,4096,4096,2097152,2097152,4096,33554432,1,0,33554432,33554432,33554432,33554432,0,,0,44122112,44122112,0,44122112,0,0,44122112,0,11,False,True,0,1,0,32768000,11354112,True,True,True,True
cluster-corrected,1,exfat,boundary_small,1,L-epsilon,536870912,512,512,1048576,1048576,32768,33587200,4096,0,50331648,35651584,134217728,134217728,16678912,33357824,131072,33554432,33554432,0,32768,33521664,16842752,33554432,0,10,False,True,4173800,10,10,16678912,32768,False,False,False,False
cluster-corrected,2,exfat,boundary_small,1,L,536870912,512,512,1048576,1048576,32768,33587200,4096,0,50331648,35651584,134217728,134217728,16711680,33423360,131072,33587200,33587200,0,0,33587200,16875520,33587200,0,10,False,True,4182000,17,17,16711680,0,True,False,False,False
cluster-corrected,3,exfat,boundary_small,1,R-epsilon,536870912,512,512,1048576,1048576,32768,33587200,4096,0,50331648,35651584,134217728,134217728,66846720,133693440,458752,134184960,134184960,0,0,134184960,67338240,134184960,0,11,False,True,16728000,14,14,66846720,0,True,False,False,False
cluster-corrected,4,exfat,boundary_small,1,R,536870912,512,512,1048576,1048576,32768,33587200,4096,0,50331648,35651584,134217728,134217728,66846720,133693440,458752,134217728,134217728,0,32768,134184960,67338240,134217728,0,10,False,True,16728000,32,32,66846720,32768,True,True,False,False
cluster-corrected,5,exfat,boundary_small,1,R+small_residual,536870912,512,512,1048576,1048576,32768,33587200,4096,0,50331648,35651584,134217728,134217728,66879488,133758976,458752,134250496,134250496,0,0,134250496,67371008,134250496,0,10,False,True,16736200,33,33,66879488,0,True,True,True,False
cluster-corrected,6,exfat,boundary_small,1,R+directory_clusters,536870912,512,512,1048576,1048576,32768,33587200,4096,0,50331648,35651584,134217728,134217728,66879488,133758976,458752,134250496,134250496,0,0,134250496,67371008,134250496,0,10,False,True,16736200,73,73,66879488,0,True,True,True,False
cluster-corrected,7,exfat,boundary_small,1,R+directory_clusters+entry_cluster,536870912,512,512,1048576,1048576,32768,33587200,4096,0,50331648,35651584,134217728,134217728,66879488,133758976,458752,134283264,134283264,0,32768,134250496,67371008,134283264,0,10,False,True,16736200,17,17,66879488,32768,True,True,True,False
cluster-corrected,8,exfat,boundary_small,1,R+1MiB_probe,536870912,512,512,1048576,1048576,32768,33587200,4096,0,50331648,35651584,134217728,134217728,67371008,134742016,491520,135266304,135266304,0,0,135266304,67895296,135266304,0,10,False,True,16859200,22,22,67371008,0,True,True,True,False
cluster-corrected,9,exfat,boundary_nested,1,L-epsilon,536870912,512,512,1048576,1048576,32768,33554432,128,512,33554432,33554432,33554432,33554432,4456448,19234816,14254080,33521664,33521664,0,0,33521664,29065216,33521664,0,11,False,True,4456448,1,1,4456448,0,False,False,False,False
cluster-corrected,10,exfat,boundary_nested,1,L,536870912,512,512,1048576,1048576,32768,33554432,128,512,33554432,33554432,33554432,33554432,4718592,19398656,14123008,33554432,33554432,0,0,33554432,28835840,33554432,0,11,False,True,4718592,1,1,4718592,0,True,True,False,False
cluster-corrected,11,exfat,boundary_nested,1,R-epsilon,536870912,512,512,1048576,1048576,32768,33554432,128,512,33554432,33554432,33554432,33554432,4456448,19202048,14286848,33521664,33521664,0,0,33521664,29065216,33521664,0,11,False,True,4456448,0,0,4456448,0,False,False,False,False
cluster-corrected,12,exfat,boundary_nested,1,R,536870912,512,512,1048576,1048576,32768,33554432,128,512,33554432,33554432,33554432,33554432,4456448,19234816,14286848,33554432,33554432,0,0,33554432,29097984,33554432,0,11,False,True,4456448,0,0,4456448,0,True,True,False,False
cluster-corrected,13,exfat,boundary_nested,1,R+small_residual,536870912,512,512,1048576,1048576,32768,33554432,128,512,33554432,33554432,33554432,33554432,4456448,19234816,14319616,33587200,33587200,0,0,33587200,29130752,33587200,0,11,False,True,4456448,1,1,4456448,0,True,True,False,False
cluster-corrected,14,exfat,boundary_nested,1,R+directory_clusters,536870912,512,512,1048576,1048576,32768,33554432,128,512,33554432,33554432,33554432,33554432,14680064,33292288,16809984,50364416,50364416,0,229376,50135040,35454976,50364416,0,11,False,True,14680064,1,1,14680064,229376,True,True,True,False
cluster-corrected,15,exfat,boundary_nested,1,R+directory_clusters+entry_cluster,536870912,512,512,1048576,1048576,32768,33554432,128,512,33554432,33554432,33554432,33554432,14680064,33292288,16809984,50397184,50397184,0,262144,50135040,35454976,50397184,0,11,False,True,14680064,2,2,14680064,262144,True,True,True,False
cluster-corrected,16,exfat,boundary_nested,1,R+1MiB_probe,536870912,512,512,1048576,1048576,32768,33554432,128,512,33554432,33554432,33554432,33554432,5242880,20217856,14352384,34603008,34603008,0,0,34603008,29360128,34603008,0,11,False,True,5242880,1,1,5242880,0,True,True,False,False
cluster-corrected,17,exfat,boundary_large,1,L-epsilon,536870912,512,512,1048576,1048576,32768,33554432,1,0,33554432,33554432,33554432,33554432,0,0,32768,33521664,33521664,0,33456128,65536,65536,33521664,0,11,False,True,0,1,0,0,1703936,False,False,False,False
cluster-corrected,18,exfat,boundary_large,1,L,536870912,512,512,1048576,1048576,32768,33554432,1,0,33554432,33554432,33554432,33554432,0,0,32768,33554432,33554432,0,33488896,65536,65536,33554432,0,11,False,True,0,1,0,0,163840,True,True,False,False
cluster-corrected,19,exfat,boundary_large,1,R-epsilon,536870912,512,512,1048576,1048576,32768,33554432,1,0,33554432,33554432,33554432,33554432,0,0,32768,33521664,33521664,0,33456128,65536,65536,33521664,0,11,False,True,0,1,0,0,393216,False,False,False,False
cluster-corrected,20,exfat,boundary_large,1,R,536870912,512,512,1048576,1048576,32768,33554432,1,0,33554432,33554432,33554432,33554432,0,0,32768,33554432,33554432,0,33488896,65536,65536,33554432,0,11,False,True,0,1,0,0,425984,True,True,False,False
cluster-corrected,21,exfat,boundary_large,1,R+small_residual,536870912,512,512,1048576,1048576,32768,33554432,1,0,33554432,33554432,33554432,33554432,0,0,32768,33587200,33587200,0,33521664,65536,65536,33587200,0,11,False,True,0,1,0,0,196608,True,True,True,False
cluster-corrected,22,exfat,boundary_large,1,R+directory_clusters,536870912,512,512,1048576,1048576,32768,33554432,1,0,33554432,33554432,33554432,33554432,0,0,32768,33587200,33587200,0,33521664,65536,65536,33587200,0,11,False,True,0,1,0,0,196608,True,True,True,False
cluster-corrected,23,exfat,boundary_large,1,R+directory_clusters+entry_cluster,536870912,512,512,1048576,1048576,32768,33554432,1,0,33554432,33554432,33554432,33554432,0,0,32768,33619968,33619968,0,33554432,65536,65536,33619968,0,11,False,True,0,1,0,0,229376,True,True,True,False
cluster-corrected,24,exfat,boundary_large,1,R+1MiB_probe,536870912,512,512,1048576,1048576,32768,33554432,1,0,33554432,33554432,33554432,33554432,33554432,33587200,32768,34603008,34603008,0,950272,33652736,98304,34603008,0,0,True,True,33554432,1,1,33554432,950272,True,True,True,False
residual,1,exfat,boundary_small,1,ample_residual_measurement,536870912,512,512,1048576,1048576,32768,33587200,4096,0,50331648,35651584,134217728,134217728,134217728,268435456,950272,536641536,536641536,0,267223040,269418496,135200768,,,0,True,True,33587200,26,26,134217728,267223040,True,True,True,False
residual,2,exfat,boundary_small,1,observed_final_cost-1_clusters,536870912,512,512,1048576,1048576,32768,33587200,4096,0,50331648,35651584,134217728,134217728,134184960,268369920,950272,269385728,269385728,0,32768,269352960,135168000,269385728,0,11,False,True,33579000,30,30,134184960,32768,True,True,True,False
residual,3,exfat,boundary_small,1,observed_final_cost+0_clusters,536870912,512,512,1048576,1048576,32768,33587200,4096,0,50331648,35651584,134217728,134217728,134217728,268435456,950272,269418496,269418496,0,0,269418496,135200768,269418496,0,0,True,True,33587200,25,25,134217728,0,True,True,True,False
residual,4,exfat,boundary_small,1,observed_final_cost+1_clusters,536870912,512,512,1048576,1048576,32768,33587200,4096,0,50331648,35651584,134217728,134217728,134217728,268435456,950272,269451264,269451264,0,32768,269418496,135200768,269451264,0,0,True,True,33587200,33,33,134217728,32768,True,True,True,False
residual,5,exfat,boundary_small,1,observed_final_cost+2_clusters,536870912,512,512,1048576,1048576,32768,33587200,4096,0,50331648,35651584,134217728,134217728,134217728,268435456,950272,269484032,269484032,0,65536,269418496,135200768,269484032,0,0,True,True,33587200,29,29,134217728,65536,True,True,True,False
residual,6,exfat,boundary_nested,1,ample_residual_measurement,536870912,512,512,1048576,1048576,32768,33554432,128,512,33554432,33554432,33554432,33554432,33554432,54525952,16809984,536641536,536641536,0,465272832,71368704,37814272,,,0,True,True,33554432,1,1,33554432,465272832,True,True,True,False
residual,7,exfat,boundary_nested,1,observed_final_cost-1_clusters,536870912,512,512,1048576,1048576,32768,33554432,128,512,33554432,33554432,33554432,33554432,33292288,54231040,16809984,71335936,71335936,0,262144,71073792,37781504,71335936,0,11,False,True,33292288,3,3,33292288,262144,True,True,True,False
residual,8,exfat,boundary_nested,1,observed_final_cost+0_clusters,536870912,512,512,1048576,1048576,32768,33554432,128,512,33554432,33554432,33554432,33554432,33554432,54525952,16809984,71368704,71368704,0,0,71368704,37814272,71368704,0,0,True,True,33554432,1,1,33554432,0,True,True,True,False
residual,9,exfat,boundary_nested,1,observed_final_cost+1_clusters,536870912,512,512,1048576,1048576,32768,33554432,128,512,33554432,33554432,33554432,33554432,33554432,54525952,16809984,71401472,71401472,0,32768,71368704,37814272,71401472,0,0,True,True,33554432,6,6,33554432,32768,True,True,True,False
residual,10,exfat,boundary_nested,1,observed_final_cost+2_clusters,536870912,512,512,1048576,1048576,32768,33554432,128,512,33554432,33554432,33554432,33554432,33554432,54525952,16809984,71434240,71434240,0,65536,71368704,37814272,71434240,0,0,True,True,33554432,4,4,33554432,65536,True,True,True,False
residual,11,exfat,boundary_large,1,ample_residual_measurement,536870912,512,512,1048576,1048576,32768,33554432,1,0,33554432,33554432,33554432,33554432,33554432,33587200,32768,536641536,536641536,0,502988800,33652736,98304,,,0,True,True,33554432,1,1,33554432,502988800,True,True,True,False
residual,12,exfat,boundary_large,1,observed_final_cost-1_clusters,536870912,512,512,1048576,1048576,32768,33554432,1,0,33554432,33554432,33554432,33554432,0,0,32768,33619968,33619968,0,33554432,65536,65536,33619968,0,11,False,True,0,1,0,0,1802240,True,True,True,False
residual,13,exfat,boundary_large,1,observed_final_cost+0_clusters,536870912,512,512,1048576,1048576,32768,33554432,1,0,33554432,33554432,33554432,33554432,33554432,33587200,32768,33652736,33652736,0,0,33652736,98304,33652736,0,0,True,True,33554432,1,1,33554432,0,True,True,True,False
residual,14,exfat,boundary_large,1,observed_final_cost+1_clusters,536870912,512,512,1048576,1048576,32768,33554432,1,0,33554432,33554432,33554432,33554432,33554432,33587200,32768,33685504,33685504,0,32768,33652736,98304,33685504,0,0,True,True,33554432,1,1,33554432,32768,True,True,True,False
residual,15,exfat,boundary_large,1,observed_final_cost+2_clusters,536870912,512,512,1048576,1048576,32768,33554432,1,0,33554432,33554432,33554432,33554432,33554432,33587200,32768,33718272,33718272,0,65536,33652736,98304,33718272,0,0,True,True,33554432,1,1,33554432,65536,True,True,True,False
